date,pb95_max,pb98_max,on_max,url
2026-04-08,6.21,6.82,7.87,/web/energia/maksymalna-cena-detaliczna-paliw-obowiazujaca-8-kwietnia-2026-r
2026-04-09,6.27,6.88,7.83,/web/energia/maksymalna-cena-detaliczna-paliw-obowiazujaca-9-kwietnia-2026-r
2026-04-10,6.17,6.77,7.66,/web/energia/maksymalna-cena-detaliczna-paliw-obowiazujaca-10-kwietnia-2026-r
2026-04-14,6.12,6.7,7.58,/web/energia/maksymalna-cena-detaliczna-paliw-obowiazujaca-14-kwietnia-2026-r
2026-04-15,6.16,6.7,7.41,/web/energia/maksymalna-cena-detaliczna-paliw-obowiazujaca-15-kwietnia-2026-r
2026-04-16,6.08,6.61,7.23,/web/energia/maksymalna-cena-detaliczna-paliw-obowiazujaca-16-kwietnia-2026-r
2026-04-17,6.04,6.59,7.18,/web/energia/maksymalna-cena-detaliczna-paliw-obowiazujaca-17-kwietnia-2026-r
2026-04-21,6.0,6.54,6.92,/web/energia/maksymalna-cena-detaliczna-paliw-obowiazujaca-21-kwietnia-2026-r
2026-04-22,5.95,6.5,6.75,/web/energia/maksymalna-cena-detaliczna-paliw-obowiazujaca-22-kwietnia-2026-r
2026-04-23,5.97,6.56,6.71,/web/energia/maksymalna-cena-detaliczna-paliw-obowiazujaca-23-kwietnia-2026-r
2026-04-24,6.03,6.62,6.79,/web/energia/maksymalna-cena-detaliczna-paliw-obowiazujaca-24-kwietnia-2026-r
2026-04-25,6.17,6.71,7.01,/web/energia/maksymalna-cena-detaliczna-paliw-obowiazujaca-w-okresie-25-27-kwietnia-2026-r
2026-04-26,6.17,6.71,7.01,/web/energia/maksymalna-cena-detaliczna-paliw-obowiazujaca-w-okresie-25-27-kwietnia-2026-r
2026-04-27,6.17,6.71,7.01,/web/energia/maksymalna-cena-detaliczna-paliw-obowiazujaca-w-okresie-25-27-kwietnia-2026-r
2026-04-28,6.21,6.72,7.12,/web/energia/maksymalna-cena-detaliczna-paliw-obowiazujaca-28-kwietnia-2026-r
2026-04-29,6.23,6.73,7.22,/web/energia/maksymalna-cena-detaliczna-paliw-obowiazujaca-29-kwietnia-2026-r
2026-04-30,6.28,6.77,7.14,/web/energia/maksymalna-cena-detaliczna-paliw-obowiazujaca-30-kwietnia-2026-r
2026-05-05,6.49,6.99,7.31,/web/energia/maksymalna-cena-detaliczna-paliw-obowiazujaca-5-maja-2026-r
2026-05-07,6.46,6.95,7.26,/web/energia/maksymalna-cena-detaliczna-paliw-obowiazujaca-7-maja-2026-r
2026-05-08,6.41,6.9,7.17,/web/energia/maksymalna-cena-detaliczna-paliw-obowiazujaca-8-maja-2026-r
2026-05-09,6.35,6.85,7.03,/web/energia/maksymalna-cena-detaliczna-paliw-obowiazujaca-w-okresie-09-11-maja-2026-r
2026-05-10,6.35,6.85,7.03,/web/energia/maksymalna-cena-detaliczna-paliw-obowiazujaca-w-okresie-09-11-maja-2026-r
2026-05-11,6.35,6.85,7.03,/web/energia/maksymalna-cena-detaliczna-paliw-obowiazujaca-w-okresie-09-11-maja-2026-r
2026-05-12,6.3,6.81,6.93,/web/energia/maksymalna-cena-detaliczna-paliw-obowiazujaca-12-maja-2026-r
2026-05-13,6.28,6.87,6.84,/web/energia/maksymalna-cena-detaliczna-paliw-obowiazujaca-13-maja-2026-r
2026-05-14,6.39,6.98,6.92,/web/energia/maksymalna-cena-detaliczna-paliw-obowiazujaca-14-maja-2026-r
2026-05-15,6.39,6.98,6.85,/web/energia/maksymalna-cena-detaliczna-paliw-obowiazujaca-15-maja-2026-r
2026-05-16,6.37,6.93,6.82,/web/energia/maksymalna-cena-detaliczna-paliw-obowiazujaca-w-okresie-16-18-maja-2026-r
2026-05-17,6.37,6.93,6.82,/web/energia/maksymalna-cena-detaliczna-paliw-obowiazujaca-w-okresie-16-18-maja-2026-r
2026-05-18,6.37,6.93,6.82,/web/energia/maksymalna-cena-detaliczna-paliw-obowiazujaca-w-okresie-16-18-maja-2026-r
2026-05-19,6.42,6.97,6.85,/web/energia/maksymalna-cena-detaliczna-paliw-obowiazujaca-19-maja-2026-r
2026-05-20,6.52,7.07,7.0,/web/energia/maksymalna-cena-detaliczna-paliw-obowiazujaca-20-maja-2026-r
2026-05-21,6.5,7.06,6.97,/web/energia/maksymalna-cena-detaliczna-paliw-obowiazujaca-21-maja-2026-r
2026-05-22,6.48,7.06,6.91,/web/energia/maksymalna-cena-detaliczna-paliw-obowiazujaca-22-maja-2026-r
2026-05-23,6.46,7.0,6.85,/web/energia/maksymalna-cena-detaliczna-paliw-obowiazujaca-w-okresie-23-25-maja-2026-r
2026-05-24,6.46,7.0,6.85,/web/energia/maksymalna-cena-detaliczna-paliw-obowiazujaca-w-okresie-23-25-maja-2026-r
2026-05-25,6.46,7.0,6.85,/web/energia/maksymalna-cena-detaliczna-paliw-obowiazujaca-w-okresie-23-25-maja-2026-r
2026-05-26,6.42,6.96,6.75,/web/energia/maksymalna-cena-detaliczna-paliw-obowiazujaca-26-maja-2026-r
2026-05-27,6.42,6.96,6.75,/web/energia/maksymalna-cena-detaliczna-paliw-obowiazujaca-27-maja-2026-r2
2026-05-28,6.31,6.86,6.57,/web/energia/maksymalna-cena-detaliczna-paliw-obowiazujaca-28-maja-2026-r
2026-05-29,6.16,6.73,6.37,/web/energia/maksymalna-cena-detaliczna-paliw-obowiazujaca-29-maja-2026-r
2026-06-01,6.05,6.63,6.34,/web/energia/maksymalna-cena-detaliczna-paliw-obowiazujaca-w-okresie-30-maja--1-czerwca-2026-r
2026-06-02,5.95,6.54,6.26,/web/energia/maksymalna-cena-detaliczna-paliw-obowiazujaca-2-czerwca-2026-r
2026-06-17,6.1,6.75,6.44,/web/energia/maksymalna-cena-detaliczna-paliw-obowiazujaca-17-czerwca-2026-r
2026-06-18,6.06,6.72,6.36,/web/energia/maksymalna-cena-detaliczna-paliw-obowiazujaca-18-czerwca-2026-r
2026-06-19,6.0,6.66,6.2,/web/energia/maksymalna-cena-detaliczna-paliw-obowiazujaca-19-czerwca-2026-r
2026-06-20,5.94,6.61,6.12,/web/energia/maksymalna-cena-detaliczna-paliw-obowiazujaca-w-okresie-20-22-czerwca-2026-r
2026-06-21,5.94,6.61,6.12,/web/energia/maksymalna-cena-detaliczna-paliw-obowiazujaca-w-okresie-20-22-czerwca-2026-r
2026-06-22,5.94,6.61,6.12,/web/energia/maksymalna-cena-detaliczna-paliw-obowiazujaca-w-okresie-20-22-czerwca-2026-r
2026-06-23,5.98,6.69,6.11,/web/energia/maksymalna-cena-detaliczna-paliw-obowiazujaca-23-czerwca-2026-r
2026-06-24,5.97,6.68,6.11,/web/energia/maksymalna-cena-detaliczna-paliw-obowiazujaca-24-czerwca-2026-r
2026-06-25,5.96,6.67,6.11,/web/energia/maksymalna-cena-detaliczna-paliw-obowiazujaca-25-czerwca-2026-r
2026-06-26,5.95,6.65,6.12,/web/energia/maksymalna-cena-detaliczna-paliw-obowiazujaca-26-czerwca-2026-r
2026-06-27,6.02,6.7,6.17,/web/energia/maksymalna-cena-detaliczna-paliw-obowiazujaca-w-okresie-27-29-czerwca-2026-r
2026-06-28,6.02,6.7,6.17,/web/energia/maksymalna-cena-detaliczna-paliw-obowiazujaca-w-okresie-27-29-czerwca-2026-r
2026-06-29,6.02,6.7,6.17,/web/energia/maksymalna-cena-detaliczna-paliw-obowiazujaca-w-okresie-27-29-czerwca-2026-r
2026-06-30,6.0,6.68,6.19,/web/energia/maksymalna-cena-detaliczna-paliw-obowiazujaca-30-czerwca-2026-r
2026-08-18,6.41,7.2,7.37,/web/energia/maksymalna-cena-detaliczna-paliw-obowiazujaca-18-sierpnia-2026-r
2026-08-19,6.46,7.26,7.47,/web/energia/maksymalna-cena-detaliczna-paliw-obowiazujaca-19-sierpnia-2026-r
2026-08-20,6.49,7.3,7.52,/web/energia/maksymalna-cena-detaliczna-paliw-obowiazujaca-20-sierpnia-2026-r
2026-08-21,6.52,7.33,7.56,/web/energia/maksymalna-cena-detaliczna-paliw-obowiazujaca-21-sierpnia-2026-r
2026-08-22,6.54,7.36,7.59,/web/energia/maksymalna-cena-detaliczna-paliw-obowiazujaca-w-dniach-22-24-sierpnia-2026-r
2026-08-23,6.54,7.36,7.59,/web/energia/maksymalna-cena-detaliczna-paliw-obowiazujaca-w-dniach-22-24-sierpnia-2026-r
2026-08-24,6.54,7.36,7.59,/web/energia/maksymalna-cena-detaliczna-paliw-obowiazujaca-w-dniach-22-24-sierpnia-2026-r
2026-08-25,6.57,7.4,7.61,/web/energia/maksymalna-cena-detaliczna-paliw-obowiazujaca-25-sierpnia-2026-r
2026-08-26,6.58,7.4,7.54,/web/energia/maksymalna-cena-detaliczna-paliw-obowiazujaca-26-sierpnia-2026-r
2026-08-27,6.57,7.39,7.47,/web/energia/maksymalna-cena-detaliczna-paliw-obowiazujaca-27-sierpnia-2026-r
2026-08-28,6.57,7.37,7.36,/web/energia/maksymalna-cena-detaliczna-paliw-obowiazujaca-28-sierpnia-2026-r
2026-08-29,6.64,7.46,7.31,/web/energia/maksymalna-cena-detaliczna-paliw-obowiazujaca-w-dniach-29-31-sierpnia-2026-r
2026-08-30,6.64,7.46,7.31,/web/energia/maksymalna-cena-detaliczna-paliw-obowiazujaca-w-dniach-29-31-sierpnia-2026-r
2026-08-31,6.64,7.46,7.31,/web/energia/maksymalna-cena-detaliczna-paliw-obowiazujaca-w-dniach-29-31-sierpnia-2026-r
