date,pb95,pb98,on
2023-01-01,5106.0,5470.0,6094.0
2023-01-04,5155.0,5522.0,6113.0
2023-01-05,5122.0,5492.0,6081.0
2023-01-06,5137.0,5518.0,6045.0
2023-01-10,5075.0,5449.0,6020.0
2023-01-11,5069.0,5434.0,6011.0
2023-01-12,5075.0,5447.0,6007.0
2023-01-13,5172.0,5541.0,6071.0
2023-01-14,5194.0,5563.0,6096.0
2023-01-17,5209.0,5570.0,6111.0
2023-01-18,5273.0,5626.0,6160.0
2023-01-19,5297.0,5637.0,6203.0
2023-01-20,5313.0,5651.0,6186.0
2023-01-21,5353.0,5684.0,6200.0
2023-01-24,5408.0,5739.0,6245.0
2023-01-25,5448.0,5778.0,6223.0
2023-01-26,5473.0,5803.0,6219.0
2023-01-27,5444.0,5801.0,6214.0
2023-01-28,5438.0,5796.0,6177.0
2023-01-31,5427.0,5781.0,6095.0
2023-02-01,5405.0,5741.0,6037.0
2023-02-02,5369.0,5684.0,5982.0
2023-02-03,5311.0,5620.0,5890.0
2023-02-04,5254.0,5558.0,5807.0
2023-02-07,5255.0,5506.0,5786.0
2023-02-08,5308.0,5580.0,5837.0
2023-02-09,5313.0,5584.0,5833.0
2023-02-10,5300.0,5572.0,5805.0
2023-02-11,5415.0,5681.0,5851.0
2023-02-14,5422.0,5658.0,5891.0
2023-02-15,5409.0,5640.0,5885.0
2023-02-16,5391.0,5648.0,5852.0
2023-02-17,5382.0,5646.0,5836.0
2023-02-18,5358.0,5626.0,5805.0
2023-02-21,5339.0,5636.0,5767.0
2023-02-22,5327.0,5655.0,5730.0
2023-02-23,5313.0,5630.0,5710.0
2023-02-24,5308.0,5645.0,5686.0
2023-02-25,5306.0,5657.0,5694.0
2023-02-28,5305.0,5701.0,5715.0
2023-03-01,5360.0,5758.0,5786.0
2023-03-02,5347.0,5743.0,5763.0
2023-03-03,5332.0,5726.0,5761.0
2023-03-04,5345.0,5741.0,5763.0
2023-03-07,5353.0,5748.0,5764.0
2023-03-08,5357.0,5747.0,5743.0
2023-03-09,5368.0,5757.0,5721.0
2023-03-10,5364.0,5750.0,5583.0
2023-03-11,5349.0,5733.0,5606.0
2023-03-14,5325.0,5708.0,5560.0
2023-03-15,5304.0,5687.0,5539.0
2023-03-16,5249.0,5633.0,5312.0
2023-03-17,5209.0,5598.0,5346.0
2023-03-18,5192.0,5582.0,5394.0
2023-03-21,5185.0,5577.0,5412.0
2023-03-22,5188.0,5581.0,5412.0
2023-03-23,5225.0,5618.0,5421.0
2023-03-24,5262.0,5653.0,5385.0
2023-03-25,5297.0,5688.0,5390.0
2023-03-28,5336.0,5719.0,5392.0
2023-03-29,5380.0,5757.0,5403.0
2023-03-30,5437.0,5797.0,5360.0
2023-03-31,5382.0,5722.0,5328.0
2023-04-01,5399.0,5738.0,5334.0
2023-04-04,5433.0,5777.0,5374.0
2023-04-05,5416.0,5787.0,5376.0
2023-04-06,5426.0,5801.0,5386.0
2023-04-07,5448.0,5829.0,5408.0
2023-04-12,5461.0,5859.0,5389.0
2023-04-13,5473.0,5876.0,5381.0
2023-04-14,5465.0,5884.0,5367.0
2023-04-15,5464.0,5868.0,5338.0
2023-04-18,5435.0,5849.0,5269.0
2023-04-19,5396.0,5813.0,5246.0
2023-04-20,5334.0,5747.0,5224.0
2023-04-21,5272.0,5684.0,5083.0
2023-04-22,5225.0,5635.0,5098.0
2023-04-25,5197.0,5607.0,5099.0
2023-04-26,5163.0,5567.0,5038.0
2023-04-27,5151.0,5553.0,4980.0
2023-04-28,5131.0,5527.0,4916.0
2023-04-29,5130.0,5522.0,4939.0
2023-05-03,5089.0,5476.0,4910.0
2023-05-05,5018.0,5404.0,4793.0
2023-05-06,5003.0,5387.0,4794.0
2023-05-10,5000.0,5377.0,4832.0
2023-05-11,5065.0,5481.0,4881.0
2023-05-12,5068.0,5483.0,4881.0
2023-05-13,5074.0,5490.0,4881.0
2023-05-16,5069.0,5485.0,4874.0
2023-05-17,5058.0,5465.0,4863.0
2023-05-18,5138.0,5524.0,4921.0
2023-05-19,5148.0,5523.0,4908.0
2023-05-20,5142.0,5499.0,4906.0
2023-05-23,5151.0,5494.0,4900.0
2023-05-24,5205.0,5574.0,4897.0
2023-05-25,5221.0,5572.0,4906.0
2023-05-26,5198.0,5558.0,4884.0
2023-05-27,5192.0,5542.0,4909.0
2023-05-31,5178.0,5522.0,4906.0
2023-06-01,5163.0,5501.0,4897.0
2023-06-02,5145.0,5481.0,4899.0
2023-06-03,5134.0,5483.0,4912.0
2023-06-06,5124.0,5489.0,4928.0
2023-06-07,5150.0,5511.0,4947.0
2023-06-08,5179.0,5537.0,4972.0
2023-06-10,5185.0,5556.0,4969.0
2023-06-13,5142.0,5518.0,4886.0
2023-06-14,5122.0,5495.0,4934.0
2023-06-15,5093.0,5465.0,4946.0
2023-06-16,5123.0,5527.0,4944.0
2023-06-17,5134.0,5517.0,4954.0
2023-06-20,5157.0,5549.0,5002.0
2023-06-21,5117.0,5501.0,4972.0
2023-06-22,5128.0,5509.0,5011.0
2023-06-23,5120.0,5492.0,4952.0
2023-06-24,5109.0,5480.0,4934.0
2023-06-27,5062.0,5431.0,4932.0
2023-06-28,5038.0,5407.0,4923.0
2023-06-29,5016.0,5387.0,4919.0
2023-06-30,5011.0,5386.0,4902.0
2023-07-01,5045.0,5424.0,4927.0
2023-07-04,5084.0,5462.0,4930.0
2023-07-05,5078.0,5457.0,4937.0
2023-07-06,5071.0,5444.0,4959.0
2023-07-07,5070.0,5448.0,4976.0
2023-07-08,5102.0,5485.0,4996.0
2023-07-11,5073.0,5450.0,5016.0
2023-07-12,5097.0,5467.0,5033.0
2023-07-13,5133.0,5483.0,5040.0
2023-07-14,5119.0,5480.0,5032.0
2023-07-15,5108.0,5473.0,5023.0
2023-07-18,5104.0,5481.0,4999.0
2023-07-19,5129.0,5518.0,5007.0
2023-07-20,5205.0,5596.0,5033.0
2023-07-21,5210.0,5592.0,5042.0
2023-07-22,5287.0,5640.0,5071.0
2023-07-25,5342.0,5691.0,5129.0
2023-07-26,5358.0,5720.0,5172.0
2023-07-27,5375.0,5740.0,5213.0
2023-07-28,5383.0,5752.0,5235.0
2023-07-29,5384.0,5760.0,5236.0
2023-08-01,5383.0,5767.0,5236.0
2023-08-02,5383.0,5759.0,5234.0
2023-08-03,5377.0,5757.0,5235.0
2023-08-04,5378.0,5745.0,5236.0
2023-08-05,5362.0,5722.0,5234.0
2023-08-08,5340.0,5698.0,5233.0
2023-08-09,5316.0,5677.0,5206.0
2023-08-10,5334.0,5703.0,5224.0
2023-08-11,5352.0,5725.0,5224.0
2023-08-12,5390.0,5769.0,5224.0
2023-08-15,5406.0,5792.0,5202.0
2023-08-17,5405.0,5805.0,5200.0
2023-08-18,5404.0,5811.0,5203.0
2023-08-19,5403.0,5817.0,5229.0
2023-08-22,5408.0,5824.0,5252.0
2023-08-23,5409.0,5824.0,5242.0
2023-08-24,5408.0,5825.0,5233.0
2023-08-25,5409.0,5826.0,5241.0
2023-08-26,5429.0,5846.0,5241.0
2023-08-30,5403.0,5821.0,5212.0
2023-08-31,5391.0,5808.0,5173.0
2023-09-01,5356.0,5771.0,5100.0
2023-09-02,5331.0,5748.0,5129.0
2023-09-05,5275.0,5680.0,5129.0
2023-09-06,5230.0,5627.0,5099.0
2023-09-07,5175.0,5551.0,5069.0
2023-09-08,5130.0,5505.0,5039.0
2023-09-09,5086.0,5465.0,5009.0
2023-09-12,5021.0,5403.0,4969.0
2023-09-13,4966.0,5346.0,4929.0
2023-09-14,4920.0,5302.0,4897.0
2023-09-15,4871.0,5262.0,4869.0
2023-09-16,4824.0,5218.0,4832.0
2023-09-19,4753.0,5145.0,4756.0
2023-09-20,4752.0,5140.0,4757.0
2023-09-21,4750.0,5139.0,4757.0
2023-09-22,4751.0,5137.0,4755.0
2023-09-23,4751.0,5135.0,4752.0
2023-09-26,4750.0,5132.0,4749.0
2023-09-27,4746.0,5127.0,4746.0
2023-09-28,4743.0,5121.0,4746.0
2023-09-29,4745.0,5117.0,4746.0
2023-09-30,4743.0,5116.0,4749.0
2023-10-03,4741.0,5115.0,4748.0
2023-10-04,4744.0,5115.0,4749.0
2023-10-05,4746.0,5118.0,4752.0
2023-10-06,4747.0,5119.0,4751.0
2023-10-07,4749.0,5120.0,4753.0
2023-10-10,4751.0,5121.0,4753.0
2023-10-11,4753.0,5122.0,4758.0
2023-10-12,4754.0,5124.0,4758.0
2023-10-13,4754.0,5122.0,4758.0
2023-10-14,4754.0,5122.0,4758.0
2023-10-17,4754.0,5122.0,4779.0
2023-10-18,4778.0,5144.0,4779.0
2023-10-19,4799.0,5167.0,4791.0
2023-10-20,4830.0,5189.0,4821.0
2023-10-21,4862.0,5210.0,4840.0
2023-10-24,4929.0,5272.0,4904.0
2023-10-25,4974.0,5314.0,4951.0
2023-10-26,5030.0,5372.0,5010.0
2023-10-27,5083.0,5426.0,5064.0
2023-10-28,5138.0,5467.0,5118.0
2023-10-31,5189.0,5500.0,5171.0
2023-11-01,5192.0,5504.0,5221.0
2023-11-03,5217.0,5529.0,5279.0
2023-11-04,5193.0,5529.0,5338.0
2023-11-07,5171.0,5529.0,5390.0
2023-11-08,5147.0,5519.0,5376.0
2023-11-09,5111.0,5510.0,5347.0
2023-11-10,5084.0,5498.0,5303.0
2023-11-14,5039.0,5451.0,5273.0
2023-11-15,5025.0,5423.0,5276.0
2023-11-16,4992.0,5374.0,5246.0
2023-11-17,4933.0,5285.0,5202.0
2023-11-18,4889.0,5222.0,5174.0
2023-11-21,4857.0,5174.0,5187.0
2023-11-22,4834.0,5130.0,5195.0
2023-11-23,4809.0,5122.0,5199.0
2023-11-24,4809.0,5115.0,5211.0
2023-11-25,4847.0,5161.0,5223.0
2023-11-28,4811.0,5124.0,5150.0
2023-11-29,4811.0,5119.0,5172.0
2023-11-30,4794.0,5086.0,5160.0
2023-12-01,4783.0,5078.0,5135.0
2023-12-02,4792.0,5089.0,5114.0
2023-12-05,4775.0,5064.0,5055.0
2023-12-06,4765.0,5045.0,5054.0
2023-12-07,4713.0,4991.0,5030.0
2023-12-08,4676.0,4975.0,5007.0
2023-12-09,4668.0,4982.0,5005.0
2023-12-12,4656.0,4985.0,5006.0
2023-12-13,4638.0,4971.0,4970.0
2023-12-14,4622.0,4951.0,4944.0
2023-12-15,4632.0,4959.0,4944.0
2023-12-16,4647.0,4969.0,4950.0
2023-12-19,4681.0,5002.0,4991.0
2023-12-20,4700.0,5020.0,5039.0
2023-12-21,4718.0,5039.0,5082.0
2023-12-22,4709.0,5004.0,5090.0
2023-12-23,4712.0,4983.0,5082.0
2023-12-28,4720.0,4952.0,5049.0
2023-12-29,4720.0,4914.0,5009.0
2023-12-30,4705.0,4886.0,4965.0
2024-01-01,4743.0,4913.0,5018.0
2024-01-03,4726.0,4914.0,4995.0
2024-01-04,4753.0,4934.0,5024.0
2024-01-05,4750.0,4939.0,5012.0
2024-01-06,4763.0,4964.0,5020.0
2024-01-09,4760.0,4966.0,5022.0
2024-01-10,4753.0,4968.0,5029.0
2024-01-11,4756.0,4981.0,5026.0
2024-01-12,4763.0,5000.0,5048.0
2024-01-13,4764.0,5010.0,5060.0
2024-01-16,4784.0,5063.0,5084.0
2024-01-17,4818.0,5097.0,5116.0
2024-01-18,4841.0,5113.0,5136.0
2024-01-19,4864.0,5161.0,5152.0
2024-01-20,4869.0,5183.0,5167.0
2024-01-23,4887.0,5206.0,5171.0
2024-01-24,4898.0,5223.0,5181.0
2024-01-25,4920.0,5246.0,5194.0
2024-01-26,4934.0,5263.0,5211.0
2024-01-27,4959.0,5298.0,5232.0
2024-01-30,4987.0,5360.0,5269.0
2024-01-31,4992.0,5360.0,5288.0
2024-02-01,4976.0,5343.0,5310.0
2024-02-02,4970.0,5339.0,5319.0
2024-02-03,4945.0,5313.0,5268.0
2024-02-06,4926.0,5297.0,5233.0
2024-02-07,4926.0,5298.0,5251.0
2024-02-08,4946.0,5318.0,5273.0
2024-02-09,5020.0,5419.0,5366.0
2024-02-10,5029.0,5469.0,5395.0
2024-02-13,5057.0,5506.0,5433.0
2024-02-14,5075.0,5532.0,5459.0
2024-02-15,5086.0,5541.0,5461.0
2024-02-16,5099.0,5555.0,5452.0
2024-02-17,5095.0,5552.0,5432.0
2024-02-20,5091.0,5545.0,5414.0
2024-02-21,5072.0,5519.0,5361.0
2024-02-22,5036.0,5472.0,5334.0
2024-02-23,5027.0,5464.0,5298.0
2024-02-24,5046.0,5496.0,5291.0
2024-02-27,5049.0,5511.0,5294.0
2024-02-28,5065.0,5544.0,5292.0
2024-02-29,5058.0,5543.0,5270.0
2024-03-01,5061.0,5550.0,5255.0
2024-03-02,5097.0,5594.0,5275.0
2024-03-05,5130.0,5634.0,5266.0
2024-03-06,5112.0,5615.0,5247.0
2024-03-07,5114.0,5620.0,5249.0
2024-03-08,5054.0,5554.0,5228.0
2024-03-09,5045.0,5541.0,5211.0
2024-03-12,5037.0,5532.0,5201.0
2024-03-13,5047.0,5548.0,5160.0
2024-03-14,5072.0,5585.0,5172.0
2024-03-15,5093.0,5618.0,5191.0
2024-03-16,5123.0,5661.0,5246.0
2024-03-19,5190.0,5743.0,5298.0
2024-03-20,5215.0,5767.0,5338.0
2024-03-21,5220.0,5773.0,5308.0
2024-03-22,5180.0,5733.0,5241.0
2024-03-23,5212.0,5766.0,5271.0
2024-03-26,5241.0,5782.0,5264.0
2024-03-27,5254.0,5785.0,5246.0
2024-03-28,5262.0,5792.0,5230.0
2024-03-29,5288.0,5825.0,5268.0
2024-04-03,5300.0,5837.0,5288.0
2024-04-04,5312.0,5853.0,5347.0
2024-04-05,5292.0,5831.0,5340.0
2024-04-06,5319.0,5854.0,5366.0
2024-04-09,5311.0,5822.0,5349.0
2024-04-10,5289.0,5792.0,5307.0
2024-04-11,5256.0,5759.0,5248.0
2024-04-12,5265.0,5766.0,5224.0
2024-04-13,5311.0,5822.0,5259.0
2024-04-16,5308.0,5823.0,5265.0
2024-04-17,5345.0,5873.0,5273.0
2024-04-18,5375.0,5901.0,5271.0
2024-04-19,5330.0,5894.0,5244.0
2024-04-20,5332.0,5893.0,5211.0
2024-04-23,5279.0,5868.0,5188.0
2024-04-24,5288.0,5866.0,5162.0
2024-04-25,5310.0,5857.0,5139.0
2024-04-26,5304.0,5851.0,5132.0
2024-04-27,5305.0,5851.0,5142.0
2024-04-30,5317.0,5866.0,5135.0
2024-05-01,5316.0,5872.0,5127.0
2024-05-03,5265.0,5829.0,5090.0
2024-05-08,5177.0,5679.0,5043.0
2024-05-09,5142.0,5609.0,5030.0
2024-05-10,5123.0,5556.0,5033.0
2024-05-11,5103.0,5498.0,5028.0
2024-05-14,5099.0,5493.0,5028.0
2024-05-15,5076.0,5470.0,5007.0
2024-05-16,5066.0,5460.0,4970.0
2024-05-17,5053.0,5450.0,4951.0
2024-05-18,5074.0,5540.0,4966.0
2024-05-21,5080.0,5532.0,4972.0
2024-05-22,5049.0,5504.0,4978.0
2024-05-23,5014.0,5480.0,4958.0
2024-05-24,5018.0,5471.0,4967.0
2024-05-25,5018.0,5448.0,4957.0
2024-05-29,5023.0,5433.0,4975.0
2024-05-30,5000.0,5427.0,4977.0
2024-06-01,4963.0,5434.0,4935.0
2024-06-04,4935.0,5415.0,4906.0
2024-06-05,4898.0,5392.0,4857.0
2024-06-06,4905.0,5377.0,4858.0
2024-06-07,4910.0,5381.0,4874.0
2024-06-08,4914.0,5407.0,4881.0
2024-06-11,4931.0,5487.0,4906.0
2024-06-12,4952.0,5497.0,4943.0
2024-06-13,4971.0,5491.0,4979.0
2024-06-14,4975.0,5481.0,5013.0
2024-06-15,4994.0,5501.0,5062.0
2024-06-18,5001.0,5509.0,5090.0
2024-06-19,5011.0,5524.0,5117.0
2024-06-20,5024.0,5526.0,5148.0
2024-06-21,5040.0,5509.0,5160.0
2024-06-22,5057.0,5554.0,5169.0
2024-06-25,5065.0,5545.0,5152.0
2024-06-26,5065.0,5580.0,5142.0
2024-06-27,5065.0,5576.0,5148.0
2024-06-28,5073.0,5600.0,5161.0
2024-06-29,5073.0,5591.0,5162.0
2024-07-02,5070.0,5593.0,5163.0
2024-07-03,5088.0,5698.0,5184.0
2024-07-04,5095.0,5676.0,5186.0
2024-07-05,5100.0,5674.0,5188.0
2024-07-06,5108.0,5670.0,5190.0
2024-07-09,5038.0,5651.0,5136.0
2024-07-10,5017.0,5623.0,5042.0
2024-07-11,5013.0,5602.0,5037.0
2024-07-12,5004.0,5573.0,5039.0
2024-07-13,5015.0,5552.0,5034.0
2024-07-16,4983.0,5536.0,5001.0
2024-07-17,4962.0,5523.0,4968.0
2024-07-18,4973.0,5513.0,4977.0
2024-07-19,4979.0,5516.0,4982.0
2024-07-20,4981.0,5514.0,4980.0
2024-07-23,4926.0,5494.0,4936.0
2024-07-24,4906.0,5479.0,4920.0
2024-07-25,4929.0,5474.0,4945.0
2024-07-26,4936.0,5480.0,4963.0
2024-07-27,4938.0,5483.0,4953.0
2024-07-30,4942.0,5479.0,4944.0
2024-07-31,4917.0,5472.0,4874.0
2024-08-01,4952.0,5541.0,4930.0
2024-08-02,4955.0,5535.0,4922.0
2024-08-03,4916.0,5478.0,4902.0
2024-08-06,4828.0,5432.0,4825.0
2024-08-07,4823.0,5403.0,4819.0
2024-08-08,4833.0,5365.0,4837.0
2024-08-09,4834.0,5356.0,4840.0
2024-08-10,4842.0,5354.0,4856.0
2024-08-13,4863.0,5379.0,4875.0
2024-08-14,4877.0,5373.0,4884.0
2024-08-15,4822.0,5348.0,4864.0
2024-08-17,4807.0,5318.0,4833.0
2024-08-20,4745.0,5282.0,4756.0
2024-08-21,4672.0,5236.0,4690.0
2024-08-22,4660.0,5207.0,4706.0
2024-08-23,4664.0,5189.0,4706.0
2024-08-24,4678.0,5214.0,4716.0
2024-08-28,4669.0,5192.0,4720.0
2024-08-29,4652.0,5184.0,4720.0
2024-08-30,4638.0,5162.0,4728.0
2024-08-31,4615.0,5133.0,4744.0
2024-09-03,4574.0,5087.0,4737.0
2024-09-04,4538.0,5033.0,4716.0
2024-09-05,4467.0,4969.0,4676.0
2024-09-06,4434.0,4916.0,4643.0
2024-09-07,4424.0,4871.0,4586.0
2024-09-10,4431.0,4835.0,4589.0
2024-09-11,4413.0,4811.0,4555.0
2024-09-12,4424.0,4802.0,4546.0
2024-09-13,4473.0,4878.0,4595.0
2024-09-14,4452.0,4841.0,4583.0
2024-09-17,4440.0,4817.0,4553.0
2024-09-18,4457.0,4809.0,4560.0
2024-09-19,4468.0,4851.0,4569.0
2024-09-20,4481.0,4891.0,4581.0
2024-09-21,4493.0,4884.0,4587.0
2024-09-24,4470.0,4865.0,4598.0
2024-09-25,4467.0,4855.0,4609.0
2024-09-26,4464.0,4847.0,4614.0
2024-09-27,4466.0,4861.0,4592.0
2024-09-28,4472.0,4949.0,4591.0
2024-10-01,4477.0,4987.0,4596.0
2024-10-02,4530.0,5058.0,4640.0
2024-10-03,4523.0,5026.0,4648.0
2024-10-04,4557.0,5088.0,4707.0
2024-10-05,4582.0,5133.0,4789.0
2024-10-08,4676.0,5209.0,4894.0
2024-10-09,4663.0,5169.0,4837.0
2024-10-10,4644.0,5155.0,4821.0
2024-10-11,4664.0,5166.0,4821.0
2024-10-12,4689.0,5203.0,4837.0
2024-10-15,4680.0,5186.0,4811.0
2024-10-16,4626.0,5162.0,4764.0
2024-10-17,4634.0,5155.0,4711.0
2024-10-18,4646.0,5160.0,4737.0
2024-10-19,4608.0,5128.0,4703.0
2024-10-22,4630.0,5165.0,4695.0
2024-10-23,4724.0,5233.0,4764.0
2024-10-24,4712.0,5222.0,4772.0
2024-10-25,4716.0,5226.0,4770.0
2024-10-26,4716.0,5226.0,4802.0
2024-10-29,4690.0,5199.0,4760.0
2024-10-30,4651.0,5160.0,4743.0
2024-10-31,4623.0,5131.0,4741.0
2024-11-01,4601.0,5108.0,4782.0
2024-11-05,4610.0,5122.0,4823.0
2024-11-06,4655.0,5171.0,4875.0
2024-11-07,4680.0,5213.0,4896.0
2024-11-08,4664.0,5195.0,4874.0
2024-11-09,4646.0,5172.0,4857.0
2024-11-13,4635.0,5151.0,4872.0
2024-11-14,4622.0,5125.0,4867.0
2024-11-15,4631.0,5115.0,4905.0
2024-11-16,4624.0,5103.0,4886.0
2024-11-19,4658.0,5107.0,4919.0
2024-11-20,4668.0,5124.0,4927.0
2024-11-21,4694.0,5155.0,4920.0
2024-11-22,4694.0,5153.0,4951.0
2024-11-23,4737.0,5201.0,4996.0
2024-11-26,4692.0,5151.0,4950.0
2024-11-27,4682.0,5141.0,4943.0
2024-11-28,4666.0,5123.0,4926.0
2024-11-29,4650.0,5106.0,4902.0
2024-11-30,4626.0,5079.0,4873.0
2024-12-03,4607.0,5056.0,4833.0
2024-12-04,4614.0,5048.0,4841.0
2024-12-05,4622.0,5048.0,4837.0
2024-12-06,4611.0,5024.0,4823.0
2024-12-07,4588.0,4993.0,4786.0
2024-12-10,4589.0,4995.0,4779.0
2024-12-11,4599.0,5006.0,4788.0
2024-12-12,4629.0,5042.0,4805.0
2024-12-13,4652.0,5066.0,4821.0
2024-12-14,4673.0,5089.0,4852.0
2024-12-17,4676.0,5090.0,4864.0
2024-12-18,4668.0,5083.0,4855.0
2024-12-19,4678.0,5091.0,4867.0
2024-12-20,4667.0,5087.0,4874.0
2024-12-21,4681.0,5111.0,4878.0
2024-12-24,4670.0,5097.0,4867.0
2024-12-25,4674.0,5106.0,4867.0
2024-12-28,4692.0,5124.0,4879.0
2024-12-31,4705.0,5142.0,4910.0
2025-01-01,4718.0,5154.0,4922.0
2025-01-03,4746.0,5184.0,4956.0
2025-01-04,4777.0,5216.0,4965.0
2025-01-08,4767.0,5203.0,4960.0
2025-01-09,4749.0,5180.0,4943.0
2025-01-10,4759.0,5195.0,4969.0
2025-01-11,4769.0,5205.0,5016.0
2025-01-14,4833.0,5271.0,5144.0
2025-01-15,4867.0,5323.0,5143.0
2025-01-16,4868.0,5337.0,5159.0
2025-01-17,4853.0,5322.0,5154.0
2025-01-18,4859.0,5324.0,5153.0
2025-01-21,4851.0,5320.0,5145.0
2025-01-22,4846.0,5314.0,5136.0
2025-01-23,4830.0,5295.0,5110.0
2025-01-24,4820.0,5283.0,5070.0
2025-01-25,4800.0,5260.0,5031.0
2025-01-28,4777.0,5229.0,4987.0
2025-01-29,4758.0,5204.0,4957.0
2025-01-30,4764.0,5196.0,4943.0
2025-01-31,4765.0,5196.0,4935.0
2025-02-01,4763.0,5196.0,4934.0
2025-02-04,4788.0,5225.0,4974.0
2025-02-05,4806.0,5243.0,4995.0
2025-02-06,4786.0,5217.0,4915.0
2025-02-07,4783.0,5214.0,4918.0
2025-02-08,4777.0,5217.0,4923.0
2025-02-11,4797.0,5209.0,4950.0
2025-02-12,4802.0,5214.0,5014.0
2025-02-13,4781.0,5197.0,5011.0
2025-02-14,4764.0,5182.0,4937.0
2025-02-15,4752.0,5169.0,4960.0
2025-02-18,4732.0,5153.0,4935.0
2025-02-19,4711.0,5134.0,4941.0
2025-02-20,4709.0,5136.0,4960.0
2025-02-21,4706.0,5134.0,5013.0
2025-02-22,4695.0,5120.0,4976.0
2025-02-25,4686.0,5108.0,4951.0
2025-02-26,4665.0,5083.0,4899.0
2025-02-27,4638.0,5051.0,4842.0
2025-02-28,4614.0,5022.0,4850.0
2025-03-01,4608.0,5050.0,4891.0
2025-03-04,4607.0,5075.0,4884.0
2025-03-05,4579.0,5028.0,4847.0
2025-03-06,4543.0,4982.0,4749.0
2025-03-07,4506.0,4950.0,4712.0
2025-03-08,4459.0,4908.0,4720.0
2025-03-11,4417.0,4865.0,4692.0
2025-03-12,4425.0,4865.0,4695.0
2025-03-13,4484.0,4944.0,4703.0
2025-03-14,4483.0,4935.0,4665.0
2025-03-15,4472.0,4941.0,4654.0
2025-03-18,4485.0,4976.0,4651.0
2025-03-19,4493.0,4981.0,4658.0
2025-03-20,4510.0,5004.0,4658.0
2025-03-21,4546.0,5045.0,4706.0
2025-03-22,4570.0,5053.0,4741.0
2025-03-25,4612.0,5094.0,4737.0
2025-03-26,4619.0,5102.0,4736.0
2025-03-27,4673.0,5160.0,4759.0
2025-03-28,4701.0,5164.0,4770.0
2025-03-29,4695.0,5157.0,4755.0
2025-04-01,4711.0,5165.0,4770.0
2025-04-02,4731.0,5178.0,4773.0
2025-04-03,4732.0,5181.0,4776.0
2025-04-04,4685.0,5134.0,4731.0
2025-04-05,4650.0,5093.0,4692.0
2025-04-08,4611.0,5052.0,4616.0
2025-04-09,4568.0,5008.0,4564.0
2025-04-10,4497.0,4933.0,4504.0
2025-04-11,4470.0,4906.0,4509.0
2025-04-12,4445.0,4877.0,4474.0
2025-04-15,4425.0,4854.0,4476.0
2025-04-16,4420.0,4849.0,4477.0
2025-04-17,4452.0,4884.0,4496.0
2025-04-18,4456.0,4888.0,4536.0
2025-04-23,4469.0,4894.0,4526.0
2025-04-24,4466.0,4891.0,4520.0
2025-04-25,4477.0,4898.0,4519.0
2025-04-26,4494.0,4915.0,4532.0
2025-04-29,4471.0,4892.0,4524.0
2025-04-30,4476.0,4911.0,4517.0
2025-05-01,4461.0,4896.0,4506.0
2025-05-07,4434.0,4873.0,4444.0
2025-05-08,4413.0,4850.0,4425.0
2025-05-09,4422.0,4854.0,4438.0
2025-05-10,4440.0,4894.0,4461.0
2025-05-13,4499.0,4956.0,4487.0
2025-05-14,4552.0,5013.0,4541.0
2025-05-15,4532.0,4987.0,4543.0
2025-05-16,4514.0,4968.0,4530.0
2025-05-17,4507.0,4961.0,4526.0
2025-05-20,4502.0,4956.0,4530.0
2025-05-21,4489.0,4940.0,4497.0
2025-05-22,4484.0,4941.0,4483.0
2025-05-23,4482.0,4938.0,4478.0
2025-05-24,4488.0,4945.0,4490.0
2025-05-28,4473.0,4928.0,4464.0
2025-05-29,4466.0,4921.0,4488.0
2025-05-30,4466.0,4923.0,4487.0
2025-05-31,4461.0,4916.0,4470.0
2025-06-03,4470.0,4920.0,4474.0
2025-06-04,4490.0,4942.0,4485.0
2025-06-05,4478.0,4921.0,4489.0
2025-06-06,4477.0,4920.0,4496.0
2025-06-07,4497.0,4943.0,4513.0
2025-06-10,4496.0,4942.0,4528.0
2025-06-11,4505.0,4953.0,4538.0
2025-06-12,4513.0,4964.0,4552.0
2025-06-13,4509.0,4958.0,4561.0
2025-06-14,4579.0,5041.0,4655.0
2025-06-17,4576.0,5034.0,4714.0
2025-06-18,4608.0,5065.0,4855.0
2025-06-19,4638.0,5125.0,4892.0
2025-06-21,4700.0,5189.0,4953.0
2025-06-24,4701.0,5190.0,4987.0
2025-06-25,4649.0,5132.0,4848.0
2025-06-26,4570.0,5022.0,4743.0
2025-06-27,4520.0,4966.0,4668.0
2025-06-28,4470.0,4911.0,4649.0
2025-07-01,4415.0,4851.0,4627.0
2025-07-02,4401.0,4828.0,4632.0
2025-07-03,4430.0,4841.0,4656.0
2025-07-04,4445.0,4841.0,4737.0
2025-07-05,4444.0,4841.0,4775.0
2025-07-08,4463.0,4867.0,4796.0
2025-07-09,4485.0,4888.0,4814.0
2025-07-10,4515.0,4922.0,4812.0
2025-07-11,4488.0,4894.0,4790.0
2025-07-12,4485.0,4894.0,4822.0
2025-07-15,4485.0,4896.0,4809.0
2025-07-16,4484.0,4901.0,4770.0
2025-07-17,4476.0,4918.0,4754.0
2025-07-18,4490.0,4937.0,4769.0
2025-07-19,4490.0,4921.0,4782.0
2025-07-22,4481.0,4909.0,4790.0
2025-07-23,4471.0,4893.0,4753.0
2025-07-24,4443.0,4854.0,4733.0
2025-07-25,4434.0,4838.0,4715.0
2025-07-26,4439.0,4857.0,4729.0
2025-07-29,4457.0,4886.0,4732.0
2025-07-30,4529.0,4964.0,4737.0
2025-07-31,4565.0,5006.0,4741.0
2025-08-01,4564.0,5009.0,4750.0
2025-08-02,4548.0,4994.0,4691.0
2025-08-05,4530.0,4974.0,4667.0
2025-08-06,4520.0,4963.0,4625.0
2025-08-07,4499.0,4950.0,4640.0
2025-08-08,4475.0,4923.0,4582.0
2025-08-09,4464.0,4922.0,4594.0
2025-08-12,4465.0,4920.0,4591.0
2025-08-13,4466.0,4920.0,4581.0
2025-08-14,4446.0,4904.0,4520.0
2025-08-15,4450.0,4907.0,4532.0
2025-08-19,4443.0,4897.0,4520.0
2025-08-20,4440.0,4894.0,4537.0
2025-08-21,4455.0,4909.0,4554.0
2025-08-22,4473.0,4928.0,4571.0
2025-08-23,4499.0,4956.0,4610.0
2025-08-27,4476.0,4933.0,4614.0
2025-08-28,4478.0,4937.0,4630.0
2025-08-29,4472.0,4928.0,4628.0
2025-08-30,4463.0,4938.0,4624.0
2025-09-02,4469.0,4930.0,4628.0
2025-09-03,4480.0,4967.0,4647.0
2025-09-04,4490.0,4986.0,4664.0
2025-09-05,4503.0,4996.0,4677.0
2025-09-06,4442.0,4960.0,4639.0
2025-09-09,4457.0,4952.0,4650.0
2025-09-10,4508.0,4955.0,4678.0
2025-09-11,4536.0,4988.0,4686.0
2025-09-12,4492.0,4971.0,4641.0
2025-09-13,4507.0,4971.0,4657.0
2025-09-16,4522.0,4976.0,4664.0
2025-09-17,4529.0,4976.0,4678.0
2025-09-18,4536.0,4978.0,4681.0
2025-09-19,4532.0,4971.0,4690.0
2025-09-20,4523.0,4962.0,4689.0
2025-09-23,4513.0,4949.0,4678.0
2025-09-24,4506.0,4941.0,4682.0
2025-09-25,4512.0,4950.0,4697.0
2025-09-26,4507.0,4942.0,4732.0
2025-09-27,4591.0,5034.0,4800.0
2025-09-30,4574.0,5016.0,4753.0
2025-10-01,4559.0,4998.0,4680.0
2025-10-02,4547.0,4980.0,4719.0
2025-10-03,4531.0,4960.0,4641.0
2025-10-04,4512.0,4934.0,4612.0
2025-10-07,4506.0,4918.0,4605.0
2025-10-08,4506.0,4916.0,4585.0
2025-10-09,4508.0,4931.0,4605.0
2025-10-10,4527.0,4965.0,4632.0
2025-10-11,4503.0,4935.0,4613.0
2025-10-14,4502.0,4934.0,4608.0
2025-10-15,4505.0,4932.0,4570.0
2025-10-16,4522.0,4941.0,4524.0
2025-10-17,4518.0,4934.0,4523.0
2025-10-18,4497.0,4915.0,4505.0
2025-10-21,4454.0,4898.0,4506.0
2025-10-22,4425.0,4882.0,4512.0
2025-10-23,4433.0,4860.0,4527.0
2025-10-24,4470.0,4903.0,4649.0
2025-10-25,4507.0,4914.0,4735.0
2025-10-28,4508.0,4904.0,4799.0
2025-10-29,4513.0,4895.0,4774.0
2025-10-30,4506.0,4895.0,4771.0
2025-10-31,4492.0,4889.0,4782.0
2025-11-01,4480.0,4929.0,4771.0
2025-11-04,4518.0,4959.0,4799.0
2025-11-05,4500.0,4946.0,4788.0
2025-11-06,4510.0,4957.0,4828.0
2025-11-07,4515.0,4961.0,4869.0
2025-11-08,4541.0,4990.0,4873.0
2025-11-13,4572.0,5031.0,4875.0
2025-11-14,4571.0,5046.0,4854.0
2025-11-15,4566.0,5042.0,4890.0
2025-11-18,4567.0,5042.0,4886.0
2025-11-19,4557.0,5030.0,5025.0
2025-11-20,4554.0,5026.0,5042.0
2025-11-21,4537.0,5001.0,5020.0
2025-11-22,4516.0,4981.0,4986.0
2025-11-25,4487.0,4953.0,4955.0
2025-11-26,4449.0,4917.0,4910.0
2025-11-27,4424.0,4898.0,4832.0
2025-11-28,4430.0,4914.0,4772.0
2025-11-29,4441.0,4927.0,4734.0
2025-12-02,4421.0,4911.0,4707.0
2025-12-03,4404.0,4893.0,4705.0
2025-12-04,4395.0,4887.0,4687.0
2025-12-05,4375.0,4868.0,4672.0
2025-12-06,4354.0,4848.0,4676.0
2025-12-09,4338.0,4829.0,4654.0
2025-12-10,4329.0,4817.0,4631.0
2025-12-11,4313.0,4799.0,4621.0
2025-12-12,4297.0,4782.0,4604.0
2025-12-13,4276.0,4758.0,4574.0
2025-12-16,4251.0,4730.0,4549.0
2025-12-17,4221.0,4697.0,4524.0
2025-12-18,4195.0,4668.0,4502.0
2025-12-19,4178.0,4648.0,4488.0
2025-12-20,4172.0,4640.0,4467.0
2025-12-23,4220.0,4688.0,4491.0
2025-12-24,4223.0,4690.0,4517.0
2025-12-30,4228.0,4696.0,4529.0
2025-12-31,4222.0,4689.0,4529.0
2026-01-01,4234.0,4676.0,4476.0
2026-01-03,4224.0,4666.0,4466.0
2026-01-06,4230.0,4670.0,4449.0
2026-01-08,4213.0,4660.0,4400.0
2026-01-09,4211.0,4675.0,4416.0
2026-01-10,4251.0,4723.0,4444.0
2026-01-13,4251.0,4723.0,4448.0
2026-01-14,4280.0,4753.0,4486.0
2026-01-15,4276.0,4750.0,4559.0
2026-01-16,4256.0,4728.0,4513.0
2026-01-17,4251.0,4724.0,4531.0
2026-01-20,4250.0,4727.0,4542.0
2026-01-21,4270.0,4745.0,4552.0
2026-01-22,4298.0,4770.0,4580.0
2026-01-23,4289.0,4760.0,4586.0
2026-01-24,4287.0,4757.0,4586.0
2026-01-27,4277.0,4744.0,4567.0
2026-01-28,4275.0,4741.0,4564.0
2026-01-29,4265.0,4727.0,4572.0
2026-01-30,4299.0,4756.0,4596.0
2026-01-31,4325.0,4787.0,4654.0
2026-02-03,4300.0,4760.0,4622.0
2026-02-04,4309.0,4774.0,4631.0
2026-02-05,4337.0,4799.0,4606.0
2026-02-06,4364.0,4829.0,4608.0
2026-02-07,4370.0,4841.0,4621.0
2026-02-10,4390.0,4857.0,4620.0
2026-02-11,4384.0,4848.0,4609.0
2026-02-12,4393.0,4853.0,4613.0
2026-02-13,4377.0,4837.0,4593.0
2026-02-14,4367.0,4828.0,4583.0
2026-02-17,4357.0,4820.0,4577.0
2026-02-18,4345.0,4811.0,4569.0
2026-02-19,4380.0,4880.0,4597.0
2026-02-20,4417.0,4918.0,4743.0
2026-02-21,4467.0,4985.0,4768.0
2026-02-24,4472.0,4990.0,4769.0
2026-02-25,4466.0,4985.0,4765.0
2026-02-26,4460.0,4979.0,4744.0
2026-02-27,4473.0,4992.0,4777.0
2026-02-28,4466.0,4984.0,4809.0
2026-03-03,4616.0,5127.0,5237.0
2026-03-04,4789.0,5317.0,5681.0
2026-03-05,4833.0,5366.0,5760.0
2026-03-06,5008.0,5553.0,6150.0
2026-03-07,5069.0,5620.0,6300.0
2026-03-10,5272.0,5828.0,6359.0
2026-03-11,5178.0,5726.0,6195.0
2026-03-12,5243.0,5790.0,6192.0
2026-03-13,5401.0,5953.0,6399.0
2026-03-14,5513.0,6074.0,6495.0
2026-03-17,5562.0,6121.0,6577.0
2026-03-18,5548.0,6103.0,6565.0
2026-03-19,5644.0,6201.0,6620.0
2026-03-20,5739.0,6302.0,6737.0
2026-03-21,5733.0,6293.0,7258.0
2026-03-24,5688.0,6247.0,7171.0
2026-03-25,5658.0,6213.0,7053.0
2026-03-26,5626.0,6177.0,6749.0
2026-03-27,5611.0,6156.0,6870.0
2026-03-28,5714.0,6268.0,7041.0
2026-03-30,5424.0,5978.0,6761.0
2026-03-31,5450.0,6006.0,6796.0
2026-04-01,5466.0,6032.0,6782.0
2026-04-02,5433.0,5998.0,6771.0
2026-04-03,5450.0,6016.0,6988.0
2026-04-08,5505.0,6071.0,6950.0
2026-04-09,5415.0,5972.0,6803.0
2026-04-10,5386.0,5933.0,6810.0
2026-04-11,5365.0,5905.0,6720.0
2026-04-14,5408.0,5904.0,6565.0
2026-04-15,5329.0,5824.0,6398.0
2026-04-16,5293.0,5800.0,6346.0
2026-04-17,5287.0,5787.0,6247.0
2026-04-18,5252.0,5753.0,6104.0
2026-04-21,5212.0,5723.0,5953.0
2026-04-22,5233.0,5777.0,5916.0
2026-04-23,5284.0,5832.0,5989.0
2026-04-24,5416.0,5917.0,6187.0
2026-04-25,5448.0,5922.0,6296.0
2026-04-28,5468.0,5930.0,6384.0
2026-04-29,5513.0,5966.0,6311.0
2026-04-30,5681.0,6143.0,6470.0
2026-05-01,5708.0,6168.0,6465.0
2026-05-06,5686.0,6138.0,6426.0
2026-05-07,5638.0,6095.0,6342.0
2026-05-08,5585.0,6049.0,6217.0
2026-05-09,5535.0,6010.0,6119.0
2026-05-12,5521.0,6063.0,6034.0
2026-05-13,5616.0,6166.0,6112.0
2026-05-14,5623.0,6161.0,6049.0
2026-05-15,5601.0,6117.0,6018.0
2026-05-16,5644.0,6155.0,6047.0
2026-05-19,5741.0,6252.0,6187.0
2026-05-20,5723.0,6237.0,6156.0
2026-05-21,5700.0,6235.0,6106.0
2026-05-22,5683.0,6179.0,6051.0
2026-05-23,5642.0,6145.0,5950.0
2026-05-27,5548.0,6058.0,5793.0
2026-05-28,5406.0,5937.0,5599.0
2026-05-29,5305.0,5844.0,5577.0
2026-05-30,5207.0,5757.0,5500.0
2026-06-02,5207.0,5755.0,5628.0
2026-06-03,5203.0,5734.0,5628.0
2026-06-04,5259.0,5837.0,5698.0
2026-06-06,5189.0,5785.0,5674.0
2026-06-09,5221.0,5824.0,5682.0
2026-06-10,5183.0,5777.0,5650.0
2026-06-11,5236.0,5760.0,5599.0
2026-06-12,5290.0,5794.0,5628.0
2026-06-13,5228.0,5739.0,5597.0
2026-06-16,5349.0,5954.0,5668.0
2026-06-17,5310.0,5917.0,5591.0
2026-06-18,5257.0,5868.0,5439.0
2026-06-19,5196.0,5816.0,5365.0
2026-06-20,5238.0,5890.0,5356.0
2026-06-23,5225.0,5879.0,5356.0
2026-06-24,5214.0,5869.0,5358.0
2026-06-25,5205.0,5859.0,5370.0
2026-06-26,5271.0,5901.0,5414.0
2026-06-27,5256.0,5881.0,5427.0
2026-06-30,5257.0,5945.0,5451.0
2026-07-01,5327.0,6006.0,5495.0
2026-07-02,5382.0,6049.0,5505.0
2026-07-03,5353.0,6075.0,5508.0
2026-07-04,5422.0,6175.0,5513.0
2026-07-07,5409.0,6163.0,5556.0
2026-07-08,5423.0,6177.0,5571.0
2026-07-09,5526.0,6261.0,5694.0
2026-07-10,5500.0,6362.0,5768.0
2026-07-11,5484.0,6363.0,5825.0
2026-07-14,5500.0,6434.0,5912.0
2026-07-15,5641.0,6592.0,6067.0
2026-07-16,5737.0,6697.0,6211.0
2026-07-17,5782.0,6564.0,6254.0
2026-07-18,5818.0,6573.0,6295.0
2026-07-21,5819.0,6588.0,6387.0
2026-07-22,5830.0,6614.0,6428.0
2026-07-23,5797.0,6606.0,6488.0
2026-07-24,5803.0,6594.0,6565.0
2026-07-25,5804.0,6555.0,6612.0
2026-07-28,5781.0,6504.0,6628.0
2026-07-29,5767.0,6477.0,6619.0
2026-07-30,5794.0,6496.0,6656.0
2026-07-31,5788.0,6489.0,6669.0
2026-08-01,5738.0,6437.0,6696.0
2026-08-04,5667.0,6362.0,6615.0
2026-08-05,5425.0,6116.0,6413.0
2026-08-06,5300.0,5992.0,6200.0
2026-08-07,5274.0,5974.0,6208.0
2026-08-08,5329.0,6034.0,6232.0
2026-08-11,5390.0,6095.0,6298.0
2026-08-12,5483.0,6192.0,6380.0
2026-08-13,5568.0,6289.0,6453.0
2026-08-14,5632.0,6365.0,6526.0
2026-08-18,5681.0,6423.0,6620.0
2026-08-19,5708.0,6457.0,6663.0
2026-08-20,5739.0,6486.0,6697.0
2026-08-21,5751.0,6513.0,6727.0
2026-08-22,5796.0,6550.0,6748.0
2026-08-25,5796.0,6548.0,6686.0
2026-08-26,5785.0,6546.0,6617.0
2026-08-27,5787.0,6529.0,6520.0
2026-08-28,5845.0,6608.0,6470.0
2026-08-29,5910.0,6678.0,6519.0
2026-09-02,6030.0,6804.0,6633.0
2026-09-03,6232.0,7117.0,6915.0
2026-09-04,6358.0,7142.0,7072.0
2026-09-05,6316.0,7098.0,7033.0
2026-09-08,6262.0,7041.0,7047.0
2026-09-09,6195.0,6969.0,7032.0
2026-09-10,6113.0,6882.0,7052.0
2026-09-11,6078.0,6845.0,7167.0
2026-09-12,6123.0,6893.0,7278.0
2026-09-15,6395.0,7174.0,7388.0
2026-09-16,6473.0,7244.0,7489.0
2026-09-17,6372.0,7143.0,7563.0
2026-09-18,6366.0,7130.0,7505.0
2026-09-19,6344.0,7105.0,7522.0
2026-09-22,6283.0,7040.0,7440.0
2026-09-23,6237.0,6989.0,7347.0
2026-09-24,6268.0,7072.0,7342.0
