,ulsd
2023-01-03,3.0864999294281006
2023-01-04,2.97189998626709
2023-01-05,2.9723000526428223
2023-01-06,3.004499912261963
2023-01-09,3.0360000133514404
2023-01-10,3.135699987411499
2023-01-11,3.217900037765503
2023-01-12,3.2190001010894775
2023-01-13,3.2558999061584473
2023-01-17,3.250999927520752
2023-01-18,3.263000011444092
2023-01-19,3.3759000301361084
2023-01-20,3.4667999744415283
2023-01-23,3.5508999824523926
2023-01-24,3.4272000789642334
2023-01-25,3.361299991607666
2023-01-26,3.3965001106262207
2023-01-27,3.265500068664551
2023-01-30,3.11080002784729
2023-01-31,3.182300090789795
2023-02-01,2.9511001110076904
2023-02-02,2.896699905395508
2023-02-03,2.7753000259399414
2023-02-06,2.768699884414673
2023-02-07,2.904400110244751
2023-02-08,2.8933000564575195
2023-02-09,2.8153998851776123
2023-02-10,2.8645999431610107
2023-02-13,2.9056999683380127
2023-02-14,2.9400999546051025
2023-02-15,2.844399929046631
2023-02-16,2.810800075531006
2023-02-17,2.712100028991699
2023-02-21,2.7918999195098877
2023-02-22,2.7147998809814453
2023-02-23,2.7081000804901123
2023-02-24,2.7962000370025635
2023-02-27,2.8197999000549316
2023-02-28,2.8208999633789062
2023-03-01,2.873800039291382
2023-03-02,2.8661999702453613
2023-03-03,2.913100004196167
2023-03-06,2.8866000175476074
2023-03-07,2.797499895095825
2023-03-08,2.7418999671936035
2023-03-09,2.6689000129699707
2023-03-10,2.772900104522705
2023-03-13,2.7614998817443848
2023-03-14,2.714400053024292
2023-03-15,2.6048998832702637
2023-03-16,2.6435000896453857
2023-03-17,2.6786999702453613
2023-03-20,2.6870999336242676
2023-03-21,2.690200090408325
2023-03-22,2.740299940109253
2023-03-23,2.6847000122070312
2023-03-24,2.695199966430664
2023-03-27,2.770400047302246
2023-03-28,2.7695999145507812
2023-03-29,2.658099889755249
2023-03-30,2.623699903488159
2023-03-31,2.676300048828125
2023-04-03,2.662600040435791
2023-04-04,2.6666998863220215
2023-04-05,2.7309999465942383
2023-04-06,2.6605000495910645
2023-04-10,2.6814000606536865
2023-04-11,2.6682000160217285
2023-04-12,2.7030999660491943
2023-04-13,2.672800064086914
2023-04-14,2.63919997215271
2023-04-17,2.6147000789642334
2023-04-18,2.599900007247925
2023-04-19,2.5576999187469482
2023-04-20,2.4948999881744385
2023-04-21,2.488600015640259
2023-04-24,2.5309998989105225
2023-04-25,2.4511001110076904
2023-04-26,2.372999906539917
2023-04-27,2.3541998863220215
2023-04-28,2.378700017929077
2023-05-01,2.3822999000549316
2023-05-02,2.2892000675201416
2023-05-03,2.232300043106079
2023-05-04,2.2386999130249023
2023-05-05,2.31469988822937
2023-05-08,2.377700090408325
2023-05-09,2.390199899673462
2023-05-10,2.393399953842163
2023-05-11,2.3494999408721924
2023-05-12,2.305500030517578
2023-05-15,2.378000020980835
2023-05-16,2.3638999462127686
2023-05-17,2.422600030899048
2023-05-18,2.402600049972534
2023-05-19,2.3622000217437744
2023-05-22,2.3664000034332275
2023-05-23,2.3617000579833984
2023-05-24,2.4137001037597656
2023-05-25,2.3461999893188477
2023-05-26,2.36929988861084
2023-05-30,2.2808001041412354
2023-05-31,2.2595999240875244
2023-06-01,2.31469988822937
2023-06-02,2.3568999767303467
2023-06-05,2.377500057220459
2023-06-06,2.367799997329712
2023-06-07,2.4017999172210693
2023-06-08,2.3898000717163086
2023-06-09,2.3610000610351562
2023-06-12,2.3090999126434326
2023-06-13,2.3954999446868896
2023-06-14,2.3577001094818115
2023-06-15,2.479599952697754
2023-06-16,2.5513999462127686
2023-06-20,2.475399971008301
2023-06-21,2.564199924468994
2023-06-22,2.4655001163482666
2023-06-23,2.407099962234497
2023-06-26,2.438800096511841
2023-06-27,2.3989999294281006
2023-06-28,2.4066998958587646
2023-06-29,2.415600061416626
2023-06-30,2.448199987411499
2023-07-03,2.3773000240325928
2023-07-05,2.493299961090088
2023-07-06,2.4793999195098877
2023-07-07,2.5590999126434326
2023-07-10,2.5532000064849854
2023-07-11,2.583699941635132
2023-07-12,2.599600076675415
2023-07-13,2.6103999614715576
2023-07-14,2.597899913787842
2023-07-17,2.564199924468994
2023-07-18,2.599400043487549
2023-07-19,2.6417999267578125
2023-07-20,2.664400100708008
2023-07-21,2.745699882507324
2023-07-24,2.7704999446868896
2023-07-25,2.777600049972534
2023-07-26,2.842900037765503
2023-07-27,2.9168999195098877
2023-07-28,2.9586000442504883
2023-07-31,2.9909000396728516
2023-08-01,3.023400068283081
2023-08-02,3.004300117492676
2023-08-03,3.074899911880493
2023-08-04,3.0622000694274902
2023-08-07,3.015500068664551
2023-08-08,3.085599899291992
2023-08-09,3.2070000171661377
2023-08-10,3.1533000469207764
2023-08-11,3.121500015258789
2023-08-14,3.0882999897003174
2023-08-15,3.0280001163482666
2023-08-16,3.020900011062622
2023-08-17,3.0938000679016113
2023-08-18,3.1596999168395996
2023-08-21,3.1161999702453613
2023-08-22,3.1387999057769775
2023-08-23,3.1291000843048096
2023-08-24,3.156399965286255
2023-08-25,3.307499885559082
2023-08-28,3.203700065612793
2023-08-29,3.2095000743865967
2023-08-30,3.0961999893188477
2023-08-31,3.1426000595092773
2023-09-01,3.1050000190734863
2023-09-05,3.219599962234497
2023-09-06,3.192699909210205
2023-09-07,3.2123000621795654
2023-09-08,3.299099922180176
2023-09-11,3.3622000217437744
2023-09-12,3.3282999992370605
2023-09-13,3.4354000091552734
2023-09-14,3.4814999103546143
2023-09-15,3.3833999633789062
2023-09-18,3.288300037384033
2023-09-19,3.3738999366760254
2023-09-20,3.3268001079559326
2023-09-21,3.368000030517578
2023-09-22,3.3062000274658203
2023-09-25,3.262200117111206
2023-09-26,3.22379994392395
2023-09-27,3.31469988822937
2023-09-28,3.318000078201294
2023-09-29,3.3622000217437744
2023-10-02,3.2225000858306885
2023-10-03,3.1953999996185303
2023-10-04,3.0178000926971436
2023-10-05,2.8687000274658203
2023-10-06,2.9007999897003174
2023-10-09,2.966599941253662
2023-10-10,3.0201001167297363
2023-10-11,2.998500108718872
2023-10-12,3.0448999404907227
2023-10-13,3.211699962615967
2023-10-16,3.149199962615967
2023-10-17,3.1767001152038574
2023-10-18,3.1393001079559326
2023-10-19,3.1730000972747803
2023-10-20,3.156599998474121
2023-10-23,3.0954999923706055
2023-10-24,3.0448999404907227
2023-10-25,3.0304999351501465
2023-10-26,3.0439000129699707
2023-10-27,3.0518999099731445
2023-10-30,2.9663000106811523
2023-10-31,2.990999937057495
2023-11-01,2.9614999294281006
2023-11-02,3.0255000591278076
2023-11-03,2.923799991607666
2023-11-06,2.952399969100952
2023-11-07,2.838399887084961
2023-11-08,2.7492001056671143
2023-11-09,2.719099998474121
2023-11-10,2.7430999279022217
2023-11-13,2.8392999172210693
2023-11-14,2.837100028991699
2023-11-15,2.8687000274658203
2023-11-16,2.750200033187866
2023-11-17,2.7725000381469727
2023-11-20,2.8494999408721924
2023-11-21,2.9249000549316406
2023-11-22,2.8891000747680664
2023-11-23,2.8712000846862793
2023-11-24,2.835700035095215
2023-11-27,2.837899923324585
2023-11-28,2.9070000648498535
2023-11-29,2.8884999752044678
2023-11-30,2.8304998874664307
2023-12-01,2.6614999771118164
2023-12-04,2.6596999168395996
2023-12-05,2.6410999298095703
2023-12-06,2.576200008392334
2023-12-07,2.5492000579833984
2023-12-08,2.5810000896453857
2023-12-11,2.6087000370025635
2023-12-12,2.5074000358581543
2023-12-13,2.548099994659424
2023-12-14,2.5913000106811523
2023-12-15,2.620800018310547
2023-12-18,2.672800064086914
2023-12-19,2.7167999744415283
2023-12-20,2.7084999084472656
2023-12-21,2.6967999935150146
2023-12-22,2.6612000465393066
2023-12-26,2.668800115585327
2023-12-27,2.6238999366760254
2023-12-28,2.556299924850464
2023-12-29,2.553100109100342
2024-01-02,2.5257999897003174
2024-01-03,2.6043999195098877
2024-01-04,2.588399887084961
2024-01-05,2.6085000038146973
2024-01-08,2.576900005340576
2024-01-09,2.650399923324585
2024-01-10,2.600600004196167
2024-01-11,2.673799991607666
2024-01-12,2.669300079345703
2024-01-16,2.660599946975708
2024-01-17,2.653599977493286
2024-01-18,2.6935999393463135
2024-01-19,2.662100076675415
2024-01-22,2.69350004196167
2024-01-23,2.6912999153137207
2024-01-24,2.68179988861084
2024-01-25,2.7953999042510986
2024-01-26,2.843400001525879
2024-01-29,2.833899974822998
2024-01-30,2.80679988861084
2024-01-31,2.808199882507324
2024-02-01,2.712899923324585
2024-02-02,2.6600000858306885
2024-02-05,2.7248001098632812
2024-02-06,2.7427000999450684
2024-02-07,2.815200090408325
2024-02-08,2.8907999992370605
2024-02-09,2.964200019836426
2024-02-12,2.919600009918213
2024-02-13,2.895900011062622
2024-02-14,2.8101000785827637
2024-02-15,2.823699951171875
2024-02-16,2.8066000938415527
2024-02-20,2.7314999103546143
2024-02-21,2.705199956893921
2024-02-22,2.752000093460083
2024-02-23,2.68969988822937
2024-02-26,2.762700080871582
2024-02-27,2.746000051498413
2024-02-28,2.6582999229431152
2024-02-29,2.683799982070923
2024-03-01,2.704200029373169
2024-03-04,2.647200107574463
2024-03-05,2.6064999103546143
2024-03-06,2.663300037384033
2024-03-07,2.694700002670288
2024-03-08,2.640899896621704
2024-03-11,2.6517999172210693
2024-03-12,2.616499900817871
2024-03-13,2.6851000785827637
2024-03-14,2.7088000774383545
2024-03-15,2.7269999980926514
2024-03-18,2.7881999015808105
2024-03-19,2.760699987411499
2024-03-20,2.69569993019104
2024-03-21,2.668800115585327
2024-03-22,2.65339994430542
2024-03-25,2.6786000728607178
2024-03-26,2.621799945831299
2024-03-27,2.598599910736084
2024-03-28,2.615600109100342
2024-04-01,2.6270999908447266
2024-04-02,2.711899995803833
2024-04-03,2.7323999404907227
2024-04-04,2.741300106048584
2024-04-05,2.7730000019073486
2024-04-08,2.7286999225616455
2024-04-09,2.677000045776367
2024-04-10,2.7076001167297363
2024-04-11,2.6598000526428223
2024-04-12,2.6851000785827637
2024-04-15,2.6542000770568848
2024-04-16,2.6512999534606934
2024-04-17,2.574700117111206
2024-04-18,2.533900022506714
2024-04-19,2.541300058364868
2024-04-22,2.5604000091552734
2024-04-23,2.579200029373169
2024-04-24,2.5499000549316406
2024-04-25,2.5504000186920166
2024-04-26,2.5481998920440674
2024-04-29,2.5313000679016113
2024-04-30,2.513400077819824
2024-05-01,2.451900005340576
2024-05-02,2.4430999755859375
2024-05-03,2.4433999061584473
2024-05-06,2.461400032043457
2024-05-07,2.46560001373291
2024-05-08,2.476099967956543
2024-05-09,2.47760009765625
2024-05-10,2.4344000816345215
2024-05-13,2.436800003051758
2024-05-14,2.4200000762939453
2024-05-15,2.423099994659424
2024-05-16,2.443700075149536
2024-05-17,2.486299991607666
2024-05-20,2.4870998859405518
2024-05-21,2.4623000621795654
2024-05-22,2.43179988861084
2024-05-23,2.411799907684326
2024-05-24,2.413599967956543
2024-05-28,2.4649999141693115
2024-05-29,2.437000036239624
2024-05-30,2.3694000244140625
2024-05-31,2.363600015640259
2024-06-03,2.2962000370025635
2024-06-04,2.285900115966797
2024-06-05,2.301100015640259
2024-06-06,2.357599973678589
2024-06-07,2.3517000675201416
2024-06-10,2.4147000312805176
2024-06-11,2.421299934387207
2024-06-12,2.4407999515533447
2024-06-13,2.486799955368042
2024-06-14,2.470599889755249
2024-06-17,2.4825000762939453
2024-06-18,2.5208001136779785
2024-06-20,2.5244998931884766
2024-06-21,2.491499900817871
2024-06-24,2.521399974822998
2024-06-25,2.509399890899658
2024-06-26,2.5374999046325684
2024-06-27,2.547600030899048
2024-06-28,2.516900062561035
2024-07-01,2.6147000789642334
2024-07-02,2.629699945449829
2024-07-03,2.6342999935150146
2024-07-05,2.602400064468384
2024-07-08,2.5790998935699463
2024-07-09,2.5236001014709473
2024-07-10,2.518399953842163
2024-07-11,2.518199920654297
2024-07-12,2.5095999240875244
2024-07-15,2.5136001110076904
2024-07-16,2.4688000679016113
2024-07-17,2.49399995803833
2024-07-18,2.486799955368042
2024-07-19,2.419100046157837
2024-07-22,2.434799909591675
2024-07-23,2.409899950027466
2024-07-24,2.452399969100952
2024-07-25,2.4711999893188477
2024-07-26,2.4196999073028564
2024-07-29,2.375
2024-07-30,2.3368000984191895
2024-07-31,2.4154999256134033
2024-08-01,2.406399965286255
2024-08-02,2.31850004196167
2024-08-05,2.2985999584198
2024-08-06,2.295799970626831
2024-08-07,2.355600118637085
2024-08-08,2.357800006866455
2024-08-09,2.3396999835968018
2024-08-12,2.4065001010894775
2024-08-13,2.38919997215271
2024-08-14,2.3682000637054443
2024-08-15,2.3778998851776123
2024-08-16,2.328700065612793
2024-08-19,2.2634999752044678
2024-08-20,2.263200044631958
2024-08-21,2.2497000694274902
2024-08-22,2.2634999752044678
2024-08-23,2.2997000217437744
2024-08-26,2.3480000495910645
2024-08-27,2.2862000465393066
2024-08-28,2.229099988937378
2024-08-29,2.2839999198913574
2024-08-30,2.251499891281128
2024-09-03,2.2060000896453857
2024-09-04,2.1575000286102295
2024-09-05,2.1689000129699707
2024-09-06,2.115000009536743
2024-09-09,2.139400005340576
2024-09-10,2.058000087738037
2024-09-11,2.0917000770568848
2024-09-12,2.118799924850464
2024-09-13,2.0843000411987305
2024-09-16,2.0968000888824463
2024-09-17,2.136699914932251
2024-09-18,2.1475000381469727
2024-09-19,2.171999931335449
2024-09-20,2.1614999771118164
2024-09-23,2.1451001167297363
2024-09-24,2.180500030517578
2024-09-25,2.1602001190185547
2024-09-26,2.1361000537872314
2024-09-27,2.132699966430664
2024-09-30,2.1317999362945557
2024-10-01,2.1742000579833984
2024-10-02,2.1821000576019287
2024-10-03,2.2946999073028564
2024-10-04,2.312700033187866
2024-10-07,2.396199941635132
2024-10-08,2.2971999645233154
2024-10-09,2.276900053024292
2024-10-10,2.3508999347686768
2024-10-11,2.343899965286255
2024-10-14,2.274199962615967
2024-10-15,2.187700033187866
2024-10-16,2.1747000217437744
2024-10-17,2.194499969482422
2024-10-18,2.1521999835968018
2024-10-21,2.183300018310547
2024-10-22,2.236999988555908
2024-10-23,2.22160005569458
2024-10-24,2.2023000717163086
2024-10-25,2.238100051879883
2024-10-28,2.1285998821258545
2024-10-29,2.133699893951416
2024-10-30,2.1875998973846436
2024-10-31,2.2195000648498535
2024-11-01,2.2342000007629395
2024-11-04,2.28410005569458
2024-11-05,2.3041999340057373
2024-11-06,2.2699999809265137
2024-11-07,2.286400079727173
2024-11-08,2.2388999462127686
2024-11-11,2.1975998878479004
2024-11-12,2.2107999324798584
2024-11-13,2.2193000316619873
2024-11-14,2.2123000621795654
2024-11-15,2.1709001064300537
2024-11-18,2.2513999938964844
2024-11-19,2.2402000427246094
2024-11-20,2.226300001144409
2024-11-21,2.274399995803833
2024-11-22,2.274899959564209
2024-11-25,2.235300064086914
2024-11-26,2.2404000759124756
2024-11-27,2.2035999298095703
2024-11-29,2.193000078201294
2024-12-02,2.1777000427246094
2024-12-03,2.2177000045776367
2024-12-04,2.1673998832702637
2024-12-05,2.1556999683380127
2024-12-06,2.1326000690460205
2024-12-09,2.183500051498413
2024-12-10,2.1861000061035156
2024-12-11,2.223299980163574
2024-12-12,2.236599922180176
2024-12-13,2.2699999809265137
2024-12-16,2.2639999389648438
2024-12-17,2.2279000282287598
2024-12-18,2.255000114440918
2024-12-19,2.2376999855041504
2024-12-20,2.2316999435424805
2024-12-23,2.226300001144409
2024-12-24,2.2214999198913574
2024-12-26,2.2053000926971436
2024-12-27,2.244800090789795
2024-12-30,2.299499988555908
2024-12-31,2.3206000328063965
2025-01-02,2.3540000915527344
2025-01-03,2.3478000164031982
2025-01-06,2.3552000522613525
2025-01-07,2.366300106048584
2025-01-08,2.3506999015808105
2025-01-09,2.378200054168701
2025-01-10,2.501699924468994
2025-01-13,2.5332999229431152
2025-01-14,2.5253000259399414
2025-01-15,2.6135001182556152
2025-01-16,2.6171998977661133
2025-01-17,2.621000051498413
2025-01-21,2.5580999851226807
2025-01-22,2.4842000007629395
2025-01-23,2.4714999198913574
2025-01-24,2.516200065612793
2025-01-27,2.4600000381469727
2025-01-28,2.4500999450683594
2025-01-29,2.4539999961853027
2025-01-30,2.475399971008301
2025-01-31,2.484499931335449
2025-02-03,2.463099956512451
2025-02-04,2.429800033569336
2025-02-05,2.384200096130371
2025-02-06,2.3980000019073486
2025-02-07,2.430799961090088
2025-02-10,2.450900077819824
2025-02-11,2.5146000385284424
2025-02-12,2.4519999027252197
2025-02-13,2.448699951171875
2025-02-14,2.4618000984191895
2025-02-18,2.4405999183654785
2025-02-19,2.4565000534057617
2025-02-20,2.5034000873565674
2025-02-21,2.432300090789795
2025-02-24,2.435800075531006
2025-02-25,2.3903000354766846
2025-02-26,2.3443000316619873
2025-02-27,2.395900011062622
2025-02-28,2.3548998832702637
2025-03-03,2.2604000568389893
2025-03-04,2.2871999740600586
2025-03-05,2.240799903869629
2025-03-06,2.22379994392395
2025-03-07,2.2160000801086426
2025-03-10,2.1798999309539795
2025-03-11,2.1967999935150146
2025-03-12,2.2063000202178955
2025-03-13,2.1621999740600586
2025-03-14,2.166599988937378
2025-03-17,2.2037999629974365
2025-03-18,2.194499969482422
2025-03-19,2.2318999767303467
2025-03-20,2.254300117492676
2025-03-21,2.2495999336242676
2025-03-24,2.2571001052856445
2025-03-25,2.285900115966797
2025-03-26,2.2887001037597656
2025-03-27,2.2846999168395996
2025-03-28,2.2609000205993652
2025-03-31,2.313999891281128
2025-04-01,2.2888998985290527
2025-04-02,2.322000026702881
2025-04-03,2.1888999938964844
2025-04-04,2.081899881362915
2025-04-07,2.0699000358581543
2025-04-08,2.056999921798706
2025-04-09,2.113600015640259
2025-04-10,2.0464000701904297
2025-04-11,2.0652999877929688
2025-04-14,2.0917000770568848
2025-04-15,2.078399896621704
2025-04-16,2.1154000759124756
2025-04-17,2.1522998809814453
2025-04-21,2.1089000701904297
2025-04-22,2.1486001014709473
2025-04-23,2.1268999576568604
2025-04-24,2.143699884414673
2025-04-25,2.16729998588562
2025-04-28,2.17549991607666
2025-04-29,2.1203999519348145
2025-04-30,2.0367000102996826
2025-05-01,2.01200008392334
2025-05-02,1.9931999444961548
2025-05-05,1.9744999408721924
2025-05-06,2.0088000297546387
2025-05-07,1.9766000509262085
2025-05-08,2.0399999618530273
2025-05-09,2.0664000511169434
2025-05-12,2.1110999584198
2025-05-13,2.171299934387207
2025-05-14,2.2060999870300293
2025-05-15,2.1659998893737793
2025-05-16,2.1405999660491943
2025-05-19,2.127700090408325
2025-05-20,2.1289000511169434
2025-05-21,2.1391000747680664
2025-05-22,2.117500066757202
2025-05-23,2.10479998588562
2025-05-27,2.079400062561035
2025-05-28,2.088099956512451
2025-05-29,2.0481998920440674
2025-05-30,2.017199993133545
2025-06-02,2.0445001125335693
2025-06-03,2.099900007247925
2025-06-04,2.0701000690460205
2025-06-05,2.0945000648498535
2025-06-06,2.1252999305725098
2025-06-09,2.146399974822998
2025-06-10,2.1415998935699463
2025-06-11,2.2053000926971436
2025-06-12,2.188699960708618
2025-06-13,2.3587000370025635
2025-06-16,2.3933000564575195
2025-06-17,2.5051000118255615
2025-06-18,2.533400058746338
2025-06-20,2.541800022125244
2025-06-23,2.363100051879883
2025-06-24,2.285099983215332
2025-06-25,2.2964000701904297
2025-06-26,2.360100030899048
2025-06-27,2.3071999549865723
2025-06-30,2.3457999229431152
2025-07-01,2.326900005340576
2025-07-02,2.4117000102996826
2025-07-03,2.369800090789795
2025-07-04,2.4089999198913574
2025-07-07,2.421099901199341
2025-07-08,2.4412999153137207
2025-07-09,2.4091999530792236
2025-07-10,2.383500099182129
2025-07-11,2.4474000930786133
2025-07-14,2.3898000717163086
2025-07-15,2.4052000045776367
2025-07-16,2.3914999961853027
2025-07-17,2.464600086212158
2025-07-18,2.453000068664551
2025-07-21,2.509200096130371
2025-07-22,2.4518001079559326
2025-07-23,2.4489998817443848
2025-07-24,2.412899971008301
2025-07-25,2.4061999320983887
2025-07-28,2.4265999794006348
2025-07-29,2.4637999534606934
2025-07-30,2.4184999465942383
2025-07-31,2.3994998931884766
2025-08-01,2.2999000549316406
2025-08-04,2.3176000118255615
2025-08-05,2.250200033187866
2025-08-06,2.2627999782562256
2025-08-07,2.2667999267578125
2025-08-08,2.2792999744415283
2025-08-11,2.2909998893737793
2025-08-12,2.2441000938415527
2025-08-13,2.242799997329712
2025-08-14,2.234499931335449
2025-08-15,2.2249999046325684
2025-08-18,2.240299940109253
2025-08-19,2.2511000633239746
2025-08-20,2.279599905014038
2025-08-21,2.3250999450683594
2025-08-22,2.3080999851226807
2025-08-25,2.3475000858306885
2025-08-26,2.2804999351501465
2025-08-27,2.295300006866455
2025-08-28,2.309799909591675
2025-08-29,2.266700029373169
2025-09-02,2.3743999004364014
2025-09-03,2.3608999252319336
2025-09-04,2.330699920654297
2025-09-05,2.2869999408721924
2025-09-08,2.3118999004364014
2025-09-09,2.3199000358581543
2025-09-10,2.333699941635132
2025-09-11,2.281899929046631
2025-09-12,2.2899999618530273
2025-09-15,2.3310999870300293
2025-09-16,2.3935000896453857
2025-09-17,2.35479998588562
2025-09-18,2.3399999141693115
2025-09-19,2.2988998889923096
2025-09-22,2.29229998588562
2025-09-23,2.328000068664551
2025-09-24,2.37719988822937
2025-09-25,2.426500082015991
2025-09-26,2.4289000034332275
2025-09-29,2.356600046157837
2025-09-30,2.3324999809265137
2025-10-01,2.3018999099731445
2025-10-02,2.243499994277954
2025-10-03,2.236299991607666
2025-10-06,2.24429988861084
2025-10-07,2.2653000354766846
2025-10-08,2.291300058364868
2025-10-09,2.2802999019622803
2025-10-10,2.204400062561035
2025-10-13,2.2497000694274902
2025-10-14,2.1975998878479004
2025-10-15,2.174799919128418
2025-10-16,2.1535000801086426
2025-10-17,2.180000066757202
2025-10-20,2.1921000480651855
2025-10-21,2.2058000564575195
2025-10-22,2.2495999336242676
2025-10-23,2.4030001163482666
2025-10-24,2.40310001373291
2025-10-27,2.4361000061035156
2025-10-28,2.387200117111206
2025-10-29,2.424299955368042
2025-10-30,2.4600000381469727
2025-10-31,2.4312000274658203
2025-11-03,2.4052999019622803
2025-11-04,2.4446001052856445
2025-11-05,2.432499885559082
2025-11-06,2.4960999488830566
2025-11-07,2.482100009918213
2025-11-10,2.5104000568389893
2025-11-11,2.575700044631958
2025-11-12,2.481600046157837
2025-11-13,2.4646999835968018
2025-11-14,2.531100034713745
2025-11-17,2.546999931335449
2025-11-18,2.7011001110076904
2025-11-19,2.635699987411499
2025-11-20,2.5332999229431152
2025-11-21,2.456399917602539
2025-11-24,2.406100034713745
2025-11-25,2.353800058364868
2025-11-26,2.325500011444092
2025-11-28,2.3329999446868896
2025-12-01,2.3399999141693115
2025-12-02,2.312700033187866
2025-12-03,2.300800085067749
2025-12-04,2.3036999702453613
2025-12-05,2.3629000186920166
2025-12-08,2.2981998920440674
2025-12-09,2.2600998878479004
2025-12-10,2.2730000019073486
2025-12-11,2.2288999557495117
2025-12-12,2.197999954223633
2025-12-15,2.1805999279022217
2025-12-16,2.1285998821258545
2025-12-17,2.1494998931884766
2025-12-18,2.1315999031066895
2025-12-19,2.1219000816345215
2025-12-22,2.158099889755249
2025-12-23,2.1905999183654785
2025-12-24,2.157599925994873
2025-12-26,2.1070001125335693
2025-12-29,2.127500057220459
2025-12-30,2.1505000591278076
2025-12-31,2.1205999851226807
2026-01-02,2.1150999069213867
2026-01-05,2.1428000926971436
2026-01-06,2.0829999446868896
2026-01-07,2.0566999912261963
2026-01-08,2.119499921798706
2026-01-09,2.134999990463257
2026-01-12,2.154400110244751
2026-01-13,2.2383999824523926
2026-01-14,2.281899929046631
2026-01-15,2.2083001136779785
2026-01-16,2.237600088119507
2026-01-20,2.3385000228881836
2026-01-21,2.430500030517578
2026-01-22,2.36680006980896
2026-01-23,2.428499937057495
2026-01-26,2.568000078201294
2026-01-27,2.646199941635132
2026-01-28,2.666100025177002
2026-01-29,2.585400104522705
2026-01-30,2.735599994659424
2026-02-02,2.359800100326538
2026-02-03,2.4093000888824463
2026-02-04,2.4700000286102295
2026-02-05,2.393199920654297
2026-02-06,2.413300037384033
2026-02-09,2.4168999195098877
2026-02-10,2.3987998962402344
2026-02-11,2.4403998851776123
2026-02-12,2.392699956893921
2026-02-13,2.3879001140594482
2026-02-17,2.3905999660491943
2026-02-18,2.518699884414673
2026-02-19,2.6147000789642334
2026-02-20,2.5857999324798584
2026-02-23,2.6782000064849854
2026-02-24,2.6868999004364014
2026-02-25,2.6740000247955322
2026-02-26,2.612499952316284
2026-02-27,2.6709001064300537
2026-03-02,2.900399923324585
2026-03-03,3.1868999004364014
2026-03-04,3.293800115585327
2026-03-05,3.614300012588501
2026-03-06,3.6224000453948975
2026-03-09,3.5866000652313232
2026-03-10,3.34660005569458
2026-03-11,3.678800106048584
2026-03-12,3.898900032043457
2026-03-13,4.014699935913086
2026-03-16,3.8375000953674316
2026-03-17,4.0157999992370605
2026-03-18,4.197800159454346
2026-03-19,4.3420000076293945
2026-03-20,4.608399868011475
2026-03-23,4.056000232696533
2026-03-24,4.290900230407715
2026-03-25,4.00629997253418
2026-03-26,4.273399829864502
2026-03-27,4.495500087738037
2026-03-30,4.364299774169922
2026-03-31,4.163400173187256
2026-04-01,4.05679988861084
2026-04-02,4.361100196838379
2026-04-06,4.328400135040283
2026-04-07,4.477399826049805
2026-04-08,3.8083999156951904
2026-04-09,3.937000036239624
2026-04-10,3.7616000175476074
2026-04-13,3.8341000080108643
2026-04-14,3.624300003051758
2026-04-15,3.753200054168701
2026-04-16,3.832900047302246
2026-04-17,3.39739990234375
2026-04-20,3.5408999919891357
2026-04-21,3.728800058364868
2026-04-22,3.9379000663757324
2026-04-23,3.9881999492645264
2026-04-24,3.887399911880493
2026-04-27,3.9746999740600586
2026-04-28,3.9711999893188477
2026-04-29,4.198699951171875
2026-04-30,4.138400077819824
2026-05-01,3.9463999271392822
2026-05-04,4.073200225830078
2026-05-05,4.030200004577637
2026-05-06,3.785599946975708
2026-05-07,3.8166000843048096
2026-05-08,3.8991000652313232
2026-05-11,3.968600034713745
2026-05-12,4.15880012512207
2026-05-13,3.9667000770568848
2026-05-14,3.905600070953369
2026-05-15,4.053400039672852
2026-05-18,4.114500045776367
2026-05-19,4.162499904632568
2026-05-20,3.9470999240875244
2026-05-21,3.8315999507904053
2026-05-22,3.8877999782562256
2026-05-26,3.714600086212158
2026-05-27,3.5975000858306885
2026-05-28,3.6187000274658203
2026-05-29,3.5373001098632812
2026-06-01,3.639400005340576
2026-06-02,3.698699951171875
2026-06-03,3.848099946975708
2026-06-04,3.673799991607666
2026-06-05,3.587399959564209
2026-06-08,3.599900007247925
2026-06-09,3.541800022125244
2026-06-10,3.612600088119507
2026-06-11,3.5130999088287354
2026-06-12,3.404400110244751
2026-06-15,3.2664999961853027
2026-06-16,3.1702001094818115
2026-06-17,3.1946001052856445
2026-06-18,3.1273000240325928
2026-06-22,3.093100070953369
2026-06-23,3.154599905014038
2026-06-24,3.1761999130249023
2026-06-25,3.2981998920440674
2026-06-26,3.208199977874756
2026-06-29,3.331700086593628
2026-06-30,3.316800117492676
2026-07-01,3.217900037765503
2026-07-02,3.1821999549865723
2026-07-06,3.2983999252319336
2026-07-07,3.3017001152038574
2026-07-08,3.6575000286102295
2026-07-09,3.5715999603271484
2026-07-10,3.553299903869629
2026-07-13,3.8236000537872314
2026-07-14,4.0142998695373535
2026-07-15,3.9482998847961426
2026-07-16,4.030700206756592
2026-07-17,4.064599990844727
2026-07-20,4.11899995803833
2026-07-21,4.1265997886657715
2026-07-22,4.148799896240234
2026-07-23,4.341599941253662
2026-07-24,4.180600166320801
2026-07-27,4.111599922180176
2026-07-28,4.150899887084961
2026-07-29,4.370100021362305
2026-07-30,4.209400177001953
2026-07-31,4.121500015258789
2026-08-03,3.87719988822937
2026-08-04,3.7704999446868896
2026-08-05,3.7962000370025635
2026-08-06,3.881999969482422
2026-08-07,3.902400016784668
2026-08-10,4.189799785614014
2026-08-11,4.252500057220459
2026-08-12,4.303999900817871
2026-08-13,4.2505998611450195
2026-08-14,4.282899856567383
2026-08-17,4.437099933624268
2026-08-18,4.450099945068359
2026-08-19,4.452300071716309
2026-08-20,4.480299949645996
2026-08-21,4.494800090789795
2026-08-24,4.2677001953125
2026-08-25,4.243800163269043
2026-08-26,4.260000228881836
2026-08-27,4.27869987487793
2026-08-28,4.3566999435424805
2026-08-31,4.495299816131592
2026-09-01,4.677299976348877
2026-09-02,4.682199954986572
2026-09-03,4.593599796295166
2026-09-04,4.540200233459473
2026-09-08,4.567800045013428
2026-09-09,4.797500133514404
